group,survival_rate
women,0.7420382165605095
men,0.18890814558058924
